attribute,group,weight,count
AGE,18-24,0.094948,169
AGE,25-44,0.391177,1433
AGE,45-64,0.314381,895
AGE,65+,0.199493,469
GENDER,Female,0.470538,1276
GENDER,Male,0.469946,1547
INCOME,$100K-$200K,0.284776,858
INCOME,$200K+,0.04767,156
INCOME,$50K-$100K,0.236606,797
INCOME,Under $50K,0.273424,784
BOROUGH,Bronx,0.158348,579
BOROUGH,Brooklyn,0.306088,672
BOROUGH,Manhattan,0.195721,654
BOROUGH,Queens,0.282543,827
BOROUGH,Staten Island,0.0573,234
RACE,Non-White,0.513527,1302
RACE,White,0.347257,1363
